"ID","Meta: _thumbnail_id","Title","Meta: _woocs_price_geo_countries","Meta: _woocs_sale_price_geo","Meta: _woocs_regular_price_geo","Meta: yikes_woo_products_tabs","Meta: _wpcom_is_markdown","Attribute 1 value(s)","Attribute 1 name","Attribute 1 visible","Attribute 1 global","Parent",
3744,http://dev2.bulk-editor.com/wp-content/uploads/2018/03/sunglasses-2.jpg,"Sunglasses with icon 1234 (Copy)890","{""1526989297532"":[""AF"",""AL"",""DZ""],""1526989306275"":[""AQ"",""BN"",""CN""]}","{""1526989297532"":""18"",""1526989306275"":""9""}","{""1526989297532"":""50"",""1526989306275"":""8""}",,"""1""",,,,,0
4011,,"Sunglasses with icon 1234 (Copy)890",,,,,,,,,,id:3744
4012,,"Sunglasses with icon 1234 (Copy)890",,,,,,,,,,id:3744
4013,,"Sunglasses with icon 1234 (Copy)890",,,,,,,,,,id:3744
4014,,"Sunglasses with icon 1234 (Copy)890",,,,,,,,,,id:3744
3718,http://dev2.bulk-editor.com/wp-content/uploads/2018/03/hoodie-2.jpg,"Sunglasses with icon 1234 (Copy)890","{""testk"":""testv"",""1526989297532"":[""AF1"",""AL2"",""DZ3""],""1526989306275"":[""AQ4"",""BN5"",""CN6""]}",,"{""1526989297532"":[""AF1"",""AL2"",""DZ3""],""1526989306275"":[""AQ4"",""BN5"",""CN6""]}",,"""1""",,,,,0
3697,http://dev2.bulk-editor.com/wp-content/uploads/2018/03/vneck-tee-2.jpg,"Sunglasses with icon 1234 (Copy)890","{""testk"":""testv"",""1526989297532"":[""AF1"",""AL2"",""DZ3""],""1526989306275"":[""AQ4"",""BN5"",""CN6""]}",,"{""1526989297532"":[""AF1"",""AL2"",""DZ3""],""1526989306275"":[""AQ4"",""BN5"",""CN6""]}",,"""1""",,,,,0
4021,,"Sunglasses with icon 1234 (Copy)890",,,,,,,,,,id:3697
4022,,"Sunglasses with icon 1234 (Copy)890",,,,,,,,,,id:3697
4023,,"Sunglasses with icon 1234 (Copy)890",,,,,,,,,,id:3697
4024,,"Sunglasses with icon 1234 (Copy)890",,,,,,,,,,id:3697
4025,,"Sunglasses with icon 1234 (Copy)890",,,,,,,,,,id:3697
4026,,"Sunglasses with icon 1234 (Copy)890",,,,,,,,,,id:3697
3668,http://dev2.bulk-editor.com/wp-content/uploads/2018/03/hoodie-2.jpg,Product-3668,,,,,"""1""",,,,,0
4027,,Product-3668,,,,,,,,,,id:3668
4028,,Product-3668,,,,,,,,,,id:3668
4029,,Product-3668,,,,,,,,,,id:3668
4030,,Product-3668,,,,,,,,,,id:3668
4031,,Product-3668,,,,,,,,,,id:3668
4032,,Product-3668,,,,,,,,,,id:3668
3647,http://dev2.bulk-editor.com/wp-content/uploads/2018/03/vneck-tee-2.jpg,Product-3647,,,,,"""1""",,,,,0
4033,,Product-3647,,,,,,,,,,id:3647
4034,,Product-3647,,,,,,,,,,id:3647
4035,,Product-3647,,,,,,,,,,id:3647
4036,,Product-3647,,,,,,,,,,id:3647
4037,,Product-3647,,,,,,,,,,id:3647
4038,,Product-3647,,,,,,,,,,id:3647
3643,http://dev2.bulk-editor.com/wp-content/uploads/2018/03/pennant-1.jpg,Product-3643,,,,,"""1""",,,,,0
4039,,Product-3643,,,,,,,,,,id:3643
4040,,Product-3643,,,,,,,,,,id:3643
4041,,Product-3643,,,,,,,,,,id:3643
4042,,Product-3643,,,,,,,,,,id:3643
4043,,Product-3643,,,,,,,,,,id:3643
4044,,Product-3643,,,,,,,,,,id:3643
3633,http://dev2.bulk-editor.com/wp-content/uploads/2018/03/beanie-with-logo-1.jpg,Product-3633,,,,,"""1""",,,,,0
4045,,Product-3633,,,,,,,,,,id:3633
4046,,Product-3633,,,,,,,,,,id:3633
4047,,Product-3633,,,,,,,,,,id:3633
4048,,Product-3633,,,,,,,,,,id:3633
4049,,Product-3633,,,,,,,,,,id:3633
4050,,Product-3633,,,,,,,,,,id:3633
3599,http://dev2.bulk-editor.com/wp-content/uploads/2018/03/hoodie-2.jpg,Product-3599,,,,,"""1""",,,,,0
4051,,Product-3599,,,,,,,,,,id:3599
4052,,Product-3599,,,,,,,,,,id:3599
4053,,Product-3599,,,,,,,,,,id:3599
4054,,Product-3599,,,,,,,,,,id:3599
4055,,Product-3599,,,,,,,,,,id:3599
4056,,Product-3599,,,,,,,,,,id:3599
3578,http://dev2.bulk-editor.com/wp-content/uploads/2018/03/vneck-tee-2.jpg,Product-3578,,,,,"""1""",,,,,0
4057,,Product-3578,,,,,,,,,,id:3578
4058,,Product-3578,,,,,,,,,,id:3578
4059,,Product-3578,,,,,,,,,,id:3578
4060,,Product-3578,,,,,,,,,,id:3578
4061,,Product-3578,,,,,,,,,,id:3578
4062,,Product-3578,,,,,,,,,,id:3578
3549,http://dev2.bulk-editor.com/wp-content/uploads/2018/03/hoodie-2.jpg,Product-3549,,,,,"""1""",,,,,0
4063,,Product-3549,,,,,,,,,,id:3549
4064,,Product-3549,,,,,,,,,,id:3549
4065,,Product-3549,,,,,,,,,,id:3549
4066,,Product-3549,,,,,,,,,,id:3549
4067,,Product-3549,,,,,,,,,,id:3549
4068,,Product-3549,,,,,,,,,,id:3549
3528,http://dev2.bulk-editor.com/wp-content/uploads/2018/03/vneck-tee-2.jpg,Product-3528,,,,,"""1""",,,,,0
3529,,Product-3528,,,,,,,,,,id:3528
3530,,Product-3528,,,,,,,,,,id:3528
3531,,Product-3528,,,,,,,,,,id:3528
3532,,Product-3528,,,,,,,,,,id:3528
3524,http://dev2.bulk-editor.com/wp-content/uploads/2018/03/pennant-1.jpg,Product-3524,,,,,"""1""",,,,,0
3514,http://dev2.bulk-editor.com/wp-content/uploads/2018/03/beanie-with-logo-1.jpg,Product-3514,,,,,"""1""",,,,,0
3515,,Product-3514,,,,,,,,,,id:3514
3516,,Product-3514,,,,,,,,,,id:3514
3517,,Product-3514,,,,,,,,,,id:3514
3518,,Product-3514,,,,,,,,,,id:3514
3519,,Product-3514,,,,,,,,,,id:3514
3520,,Product-3514,,,,,,,,,,id:3514
3521,,Product-3514,,,,,,,,,,id:3514
3522,,Product-3514,,,,,,,,,,id:3514
3480,http://dev2.bulk-editor.com/wp-content/uploads/2018/03/hoodie-2.jpg,Product-3480,,,,,"""1""",,,,,0
3481,,Product-3480,,,,,,,,,,id:3480
3482,,Product-3480,,,,,,,,,,id:3480
3483,,Product-3480,,,,,,,,,,id:3480
3484,,Product-3480,,,,,,,,,,id:3480
3485,,Product-3480,,,,,,,,,,id:3480
3486,,Product-3480,,,,,,,,,,id:3480
3487,,Product-3480,,,,,,,,,,id:3480
3488,,Product-3480,,,,,,,,,,id:3480
3489,,Product-3480,,,,,,,,,,id:3480
3490,,Product-3480,,,,,,,,,,id:3480
3491,,Product-3480,,,,,,,,,,id:3480
3492,,Product-3480,,,,,,,,,,id:3480
3493,,Product-3480,,,,,,,,,,id:3480
3494,,Product-3480,,,,,,,,,,id:3480
3495,,Product-3480,,,,,,,,,,id:3480
3496,,Product-3480,,,,,,,,,,id:3480
3497,,Product-3480,,,,,,,,,,id:3480
3498,,Product-3480,,,,,,,,,,id:3480
3499,,Product-3480,,,,,,,,,,id:3480
3500,,Product-3480,,,,,,,,,,id:3480
3459,http://dev2.bulk-editor.com/wp-content/uploads/2018/03/vneck-tee-2.jpg,Product-3459,,,,,"""1""",,,,,0
3460,,Product-3459,,,,,,,,,,id:3459
3461,,Product-3459,,,,,,,,,,id:3459
3462,,Product-3459,,,,,,,,,,id:3459
3463,,Product-3459,,,,,,,,,,id:3459
3464,,Product-3459,,,,,,,,,,id:3459
3465,,Product-3459,,,,,,,,,,id:3459
3466,,Product-3459,,,,,,,,,,id:3459
3467,,Product-3459,,,,,,,,,,id:3459
3468,,Product-3459,,,,,,,,,,id:3459
3469,,Product-3459,,,,,,,,,,id:3459
3470,,Product-3459,,,,,,,,,,id:3459
3471,,Product-3459,,,,,,,,,,id:3459
3472,,Product-3459,,,,,,,,,,id:3459
3473,,Product-3459,,,,,,,,,,id:3459
3474,,Product-3459,,,,,,,,,,id:3459
3475,,Product-3459,,,,,,,,,,id:3459
3476,,Product-3459,,,,,,,,,,id:3459
3477,,Product-3459,,,,,,,,,,id:3459
3478,,Product-3459,,,,,,,,,,id:3459
3479,,Product-3459,,,,,,,,,,id:3459
3430,http://dev2.bulk-editor.com/wp-content/uploads/2018/03/hoodie-2.jpg,Product-3430,,,,,"""1""",,,,,0
3431,,Product-3430,,,,,,,,,,id:3430
3432,,Product-3430,,,,,,,,,,id:3430
3433,,Product-3430,,,,,,,,,,id:3430
3434,,Product-3430,,,,,,,,,,id:3430
3435,,Product-3430,,,,,,,,,,id:3430
3436,,Product-3430,,,,,,,,,,id:3430
3437,,Product-3430,,,,,,,,,,id:3430
3438,,Product-3430,,,,,,,,,,id:3430
3439,,Product-3430,,,,,,,,,,id:3430
3440,,Product-3430,,,,,,,,,,id:3430
3441,,Product-3430,,,,,,,,,,id:3430
3442,,Product-3430,,,,,,,,,,id:3430
3443,,Product-3430,,,,,,,,,,id:3430
3444,,Product-3430,,,,,,,,,,id:3430
3445,,Product-3430,,,,,,,,,,id:3430
3446,,Product-3430,,,,,,,,,,id:3430
3447,,Product-3430,,,,,,,,,,id:3430
3448,,Product-3430,,,,,,,,,,id:3430
3449,,Product-3430,,,,,,,,,,id:3430
3450,,Product-3430,,,,,,,,,,id:3430
3409,http://dev2.bulk-editor.com/wp-content/uploads/2018/03/vneck-tee-2.jpg,Product-3409,,,,,"""1""",,,,,0
3410,,Product-3409,,,,,,,,,,id:3409
3411,,Product-3409,,,,,,,,,,id:3409
3412,,Product-3409,,,,,,,,,,id:3409
3413,,Product-3409,,,,,,,,,,id:3409
3414,,Product-3409,,,,,,,,,,id:3409
3415,,Product-3409,,,,,,,,,,id:3409
3416,,Product-3409,,,,,,,,,,id:3409
3417,,Product-3409,,,,,,,,,,id:3409
3418,,Product-3409,,,,,,,,,,id:3409
3419,,Product-3409,,,,,,,,,,id:3409
3420,,Product-3409,,,,,,,,,,id:3409
3421,,Product-3409,,,,,,,,,,id:3409
3422,,Product-3409,,,,,,,,,,id:3409
3423,,Product-3409,,,,,,,,,,id:3409
3424,,Product-3409,,,,,,,,,,id:3409
3425,,Product-3409,,,,,,,,,,id:3409
3426,,Product-3409,,,,,,,,,,id:3409
3427,,Product-3409,,,,,,,,,,id:3409
3428,,Product-3409,,,,,,,,,,id:3409
3429,,Product-3409,,,,,,,,,,id:3409
3405,http://dev2.bulk-editor.com/wp-content/uploads/2018/03/pennant-1.jpg,Product-3405,,,,,"""1""",,,,,0
3406,,Product-3405,,,,,,,,,,id:3405
3407,,Product-3405,,,,,,,,,,id:3405
3395,http://dev2.bulk-editor.com/wp-content/uploads/2018/03/beanie-with-logo-1.jpg,Product-3395,,,,,"""1""",,,,,0
3396,,Product-3395,,,,,,,,,,id:3395
3397,,Product-3395,,,,,,,,,,id:3395
3398,,Product-3395,,,,,,,,,,id:3395
3399,,Product-3395,,,,,,,,,,id:3395
3400,,Product-3395,,,,,,,,,,id:3395
3401,,Product-3395,,,,,,,,,,id:3395
3402,,Product-3395,,,,,,,,,,id:3395
3403,,Product-3395,,,,,,,,,,id:3395
3361,http://dev2.bulk-editor.com/wp-content/uploads/2018/03/hoodie-2.jpg,Product-3361,,,,,"""1""",,,,,0
3362,,Product-3361,,,,,,,,,,id:3361
3363,,Product-3361,,,,,,,,,,id:3361
3364,,Product-3361,,,,,,,,,,id:3361
3365,,Product-3361,,,,,,,,,,id:3361
3366,,Product-3361,,,,,,,,,,id:3361
3367,,Product-3361,,,,,,,,,,id:3361
3368,,Product-3361,,,,,,,,,,id:3361
3369,,Product-3361,,,,,,,,,,id:3361
3370,,Product-3361,,,,,,,,,,id:3361
3371,,Product-3361,,,,,,,,,,id:3361
3372,,Product-3361,,,,,,,,,,id:3361
3373,,Product-3361,,,,,,,,,,id:3361
3374,,Product-3361,,,,,,,,,,id:3361
3375,,Product-3361,,,,,,,,,,id:3361
3376,,Product-3361,,,,,,,,,,id:3361
3377,,Product-3361,,,,,,,,,,id:3361
3378,,Product-3361,,,,,,,,,,id:3361
3379,,Product-3361,,,,,,,,,,id:3361
3380,,Product-3361,,,,,,,,,,id:3361
3381,,Product-3361,,,,,,,,,,id:3361
3340,http://dev2.bulk-editor.com/wp-content/uploads/2018/03/vneck-tee-2.jpg,Product-3340,,,,,"""1""",,,,,0
3341,,Product-3340,,,,,,,,,,id:3340
3342,,Product-3340,,,,,,,,,,id:3340
3343,,Product-3340,,,,,,,,,,id:3340
3344,,Product-3340,,,,,,,,,,id:3340
3345,,Product-3340,,,,,,,,,,id:3340
3346,,Product-3340,,,,,,,,,,id:3340
3347,,Product-3340,,,,,,,,,,id:3340
3348,,Product-3340,,,,,,,,,,id:3340
3349,,Product-3340,,,,,,,,,,id:3340
3350,,Product-3340,,,,,,,,,,id:3340
3351,,Product-3340,,,,,,,,,,id:3340
3352,,Product-3340,,,,,,,,,,id:3340
3353,,Product-3340,,,,,,,,,,id:3340
3354,,Product-3340,,,,,,,,,,id:3340
3355,,Product-3340,,,,,,,,,,id:3340
3356,,Product-3340,,,,,,,,,,id:3340
3357,,Product-3340,,,,,,,,,,id:3340
3358,,Product-3340,,,,,,,,,,id:3340
3359,,Product-3340,,,,,,,,,,id:3340
3360,,Product-3340,,,,,,,,,,id:3340
3311,http://dev2.bulk-editor.com/wp-content/uploads/2018/03/hoodie-2.jpg,Product-3311,,,,,"""1""",,,,,0
3312,,Product-3311,,,,,,,,,,id:3311
3313,,Product-3311,,,,,,,,,,id:3311
3314,,Product-3311,,,,,,,,,,id:3311
3315,,Product-3311,,,,,,,,,,id:3311
3316,,Product-3311,,,,,,,,,,id:3311
3317,,Product-3311,,,,,,,,,,id:3311
3318,,Product-3311,,,,,,,,,,id:3311
3319,,Product-3311,,,,,,,,,,id:3311
3320,,Product-3311,,,,,,,,,,id:3311
3321,,Product-3311,,,,,,,,,,id:3311
3322,,Product-3311,,,,,,,,,,id:3311
3323,,Product-3311,,,,,,,,,,id:3311
3324,,Product-3311,,,,,,,,,,id:3311
3325,,Product-3311,,,,,,,,,,id:3311
3326,,Product-3311,,,,,,,,,,id:3311
3327,,Product-3311,,,,,,,,,,id:3311
3328,,Product-3311,,,,,,,,,,id:3311
3329,,Product-3311,,,,,,,,,,id:3311
3330,,Product-3311,,,,,,,,,,id:3311
3331,,Product-3311,,,,,,,,,,id:3311
3290,http://dev2.bulk-editor.com/wp-content/uploads/2018/03/vneck-tee-2.jpg,Product-3290,,,,,"""1""",,,,,0
3291,,Product-3290,,,,,,,,,,id:3290
3292,,Product-3290,,,,,,,,,,id:3290
3293,,Product-3290,,,,,,,,,,id:3290
3294,,Product-3290,,,,,,,,,,id:3290
3295,,Product-3290,,,,,,,,,,id:3290
3296,,Product-3290,,,,,,,,,,id:3290
3297,,Product-3290,,,,,,,,,,id:3290
3298,,Product-3290,,,,,,,,,,id:3290
3299,,Product-3290,,,,,,,,,,id:3290
3300,,Product-3290,,,,,,,,,,id:3290
3301,,Product-3290,,,,,,,,,,id:3290
3302,,Product-3290,,,,,,,,,,id:3290
3303,,Product-3290,,,,,,,,,,id:3290
3304,,Product-3290,,,,,,,,,,id:3290
3305,,Product-3290,,,,,,,,,,id:3290
3306,,Product-3290,,,,,,,,,,id:3290
3307,,Product-3290,,,,,,,,,,id:3290
3308,,Product-3290,,,,,,,,,,id:3290
3309,,Product-3290,,,,,,,,,,id:3290
3310,,Product-3290,,,,,,,,,,id:3290
3286,http://dev2.bulk-editor.com/wp-content/uploads/2018/03/pennant-1.jpg,Product-3286,,,,,"""1""",,,,,0
3287,,Product-3286,,,,,,,,,,id:3286
3288,,Product-3286,,,,,,,,,,id:3286
3276,http://dev2.bulk-editor.com/wp-content/uploads/2018/03/beanie-with-logo-1.jpg,Product-3276,,,,,"""1""",,,,,0
3277,,Product-3276,,,,,,,,,,id:3276
3278,,Product-3276,,,,,,,,,,id:3276
3279,,Product-3276,,,,,,,,,,id:3276
3280,,Product-3276,,,,,,,,,,id:3276
3281,,Product-3276,,,,,,,,,,id:3276
3282,,Product-3276,,,,,,,,,,id:3276
3283,,Product-3276,,,,,,,,,,id:3276
3284,,Product-3276,,,,,,,,,,id:3276
3242,http://dev2.bulk-editor.com/wp-content/uploads/2018/03/hoodie-2.jpg,Product-3242,,,,,"""1""",,,,,0
3243,,Product-3242,,,,,,,,,,id:3242
3244,,Product-3242,,,,,,,,,,id:3242
3245,,Product-3242,,,,,,,,,,id:3242
3246,,Product-3242,,,,,,,,,,id:3242
3247,,Product-3242,,,,,,,,,,id:3242
3248,,Product-3242,,,,,,,,,,id:3242
3249,,Product-3242,,,,,,,,,,id:3242
3250,,Product-3242,,,,,,,,,,id:3242
3251,,Product-3242,,,,,,,,,,id:3242
3252,,Product-3242,,,,,,,,,,id:3242
3253,,Product-3242,,,,,,,,,,id:3242
3254,,Product-3242,,,,,,,,,,id:3242
3255,,Product-3242,,,,,,,,,,id:3242
3256,,Product-3242,,,,,,,,,,id:3242
3257,,Product-3242,,,,,,,,,,id:3242
3258,,Product-3242,,,,,,,,,,id:3242
3259,,Product-3242,,,,,,,,,,id:3242
3260,,Product-3242,,,,,,,,,,id:3242
3261,,Product-3242,,,,,,,,,,id:3242
3262,,Product-3242,,,,,,,,,,id:3242
3221,http://dev2.bulk-editor.com/wp-content/uploads/2018/03/vneck-tee-2.jpg,Product-3221,,,,,"""1""",,,,,0
3222,,Product-3221,,,,,,,,,,id:3221
3223,,Product-3221,,,,,,,,,,id:3221
3224,,Product-3221,,,,,,,,,,id:3221
3225,,Product-3221,,,,,,,,,,id:3221
3226,,Product-3221,,,,,,,,,,id:3221
3227,,Product-3221,,,,,,,,,,id:3221
3228,,Product-3221,,,,,,,,,,id:3221
3229,,Product-3221,,,,,,,,,,id:3221
3230,,Product-3221,,,,,,,,,,id:3221
3231,,Product-3221,,,,,,,,,,id:3221
3232,,Product-3221,,,,,,,,,,id:3221
3233,,Product-3221,,,,,,,,,,id:3221
3234,,Product-3221,,,,,,,,,,id:3221
3235,,Product-3221,,,,,,,,,,id:3221
3236,,Product-3221,,,,,,,,,,id:3221
3237,,Product-3221,,,,,,,,,,id:3221
3238,,Product-3221,,,,,,,,,,id:3221
3239,,Product-3221,,,,,,,,,,id:3221
3240,,Product-3221,,,,,,,,,,id:3221
3241,,Product-3221,,,,,,,,,,id:3221
3192,http://dev2.bulk-editor.com/wp-content/uploads/2018/03/hoodie-2.jpg,Product-3192,,,,,"""1""",,,,,0
3193,,Product-3192,,,,,,,,,,id:3192
3194,,Product-3192,,,,,,,,,,id:3192
3195,,Product-3192,,,,,,,,,,id:3192
3196,,Product-3192,,,,,,,,,,id:3192
3197,,Product-3192,,,,,,,,,,id:3192
3198,,Product-3192,,,,,,,,,,id:3192
3199,,Product-3192,,,,,,,,,,id:3192
3200,,Product-3192,,,,,,,,,,id:3192
3201,,Product-3192,,,,,,,,,,id:3192
3202,,Product-3192,,,,,,,,,,id:3192
3203,,Product-3192,,,,,,,,,,id:3192
3204,,Product-3192,,,,,,,,,,id:3192
3205,,Product-3192,,,,,,,,,,id:3192
3206,,Product-3192,,,,,,,,,,id:3192
3207,,Product-3192,,,,,,,,,,id:3192
3208,,Product-3192,,,,,,,,,,id:3192
3209,,Product-3192,,,,,,,,,,id:3192
3210,,Product-3192,,,,,,,,,,id:3192
3211,,Product-3192,,,,,,,,,,id:3192
3212,,Product-3192,,,,,,,,,,id:3192
3171,http://dev2.bulk-editor.com/wp-content/uploads/2018/03/vneck-tee-2.jpg,Product-3171,,,,,"""1""",,,,,0
3172,,Product-3171,,,,,,,,,,id:3171
3173,,Product-3171,,,,,,,,,,id:3171
3174,,Product-3171,,,,,,,,,,id:3171
3175,,Product-3171,,,,,,,,,,id:3171
3176,,Product-3171,,,,,,,,,,id:3171
3177,,Product-3171,,,,,,,,,,id:3171
3178,,Product-3171,,,,,,,,,,id:3171
3179,,Product-3171,,,,,,,,,,id:3171
3180,,Product-3171,,,,,,,,,,id:3171
3181,,Product-3171,,,,,,,,,,id:3171
3182,,Product-3171,,,,,,,,,,id:3171
3183,,Product-3171,,,,,,,,,,id:3171
3184,,Product-3171,,,,,,,,,,id:3171
3185,,Product-3171,,,,,,,,,,id:3171
3186,,Product-3171,,,,,,,,,,id:3171
3187,,Product-3171,,,,,,,,,,id:3171
3188,,Product-3171,,,,,,,,,,id:3171
3189,,Product-3171,,,,,,,,,,id:3171
3190,,Product-3171,,,,,,,,,,id:3171
3191,,Product-3171,,,,,,,,,,id:3171
3167,http://dev2.bulk-editor.com/wp-content/uploads/2018/03/pennant-1.jpg,Product-3167,,,,,"""1""",,,,,0
4099,,Product-3167,,,,,,,,,,id:3167
4100,,Product-3167,,,,,,,,,,id:3167
4101,,Product-3167,,,,,,,,,,id:3167
4102,,Product-3167,,,,,,,,,,id:3167
4103,,Product-3167,,,,,,,,,,id:3167
3157,http://dev2.bulk-editor.com/wp-content/uploads/2018/03/beanie-with-logo-1.jpg,Product-3157,,,,,"""1""",,,,,0
3158,,Product-3157,,,,,,,,,,id:3157
3159,,Product-3157,,,,,,,,,,id:3157
3160,,Product-3157,,,,,,,,,,id:3157
3161,,Product-3157,,,,,,,,,,id:3157
3162,,Product-3157,,,,,,,,,,id:3157
3163,,Product-3157,,,,,,,,,,id:3157
3164,,Product-3157,,,,,,,,,,id:3157
3165,,Product-3157,,,,,,,,,,id:3157
3123,http://dev2.bulk-editor.com/wp-content/uploads/2018/03/hoodie-2.jpg,Product-3123,,,,,"""1""",,,,,0
3124,,Product-3123,,,,,,,,,,id:3123
3125,,Product-3123,,,,,,,,,,id:3123
3126,,Product-3123,,,,,,,,,,id:3123
3127,,Product-3123,,,,,,,,,,id:3123
3128,,Product-3123,,,,,,,,,,id:3123
3129,,Product-3123,,,,,,,,,,id:3123
3130,,Product-3123,,,,,,,,,,id:3123
3131,,Product-3123,,,,,,,,,,id:3123
3132,,Product-3123,,,,,,,,,,id:3123
3133,,Product-3123,,,,,,,,,,id:3123
3134,,Product-3123,,,,,,,,,,id:3123
3135,,Product-3123,,,,,,,,,,id:3123
3136,,Product-3123,,,,,,,,,,id:3123
3137,,Product-3123,,,,,,,,,,id:3123
3138,,Product-3123,,,,,,,,,,id:3123
3139,,Product-3123,,,,,,,,,,id:3123
3140,,Product-3123,,,,,,,,,,id:3123
3141,,Product-3123,,,,,,,,,,id:3123
3142,,Product-3123,,,,,,,,,,id:3123
3143,,Product-3123,,,,,,,,,,id:3123
3102,http://dev2.bulk-editor.com/wp-content/uploads/2018/03/vneck-tee-2.jpg,Product-3102,,,,,"""1""",,,,,0
3103,,Product-3102,,,,,,,,,,id:3102
3104,,Product-3102,,,,,,,,,,id:3102
3105,,Product-3102,,,,,,,,,,id:3102
3106,,Product-3102,,,,,,,,,,id:3102
3107,,Product-3102,,,,,,,,,,id:3102
3108,,Product-3102,,,,,,,,,,id:3102
3109,,Product-3102,,,,,,,,,,id:3102
3110,,Product-3102,,,,,,,,,,id:3102
3111,,Product-3102,,,,,,,,,,id:3102
3112,,Product-3102,,,,,,,,,,id:3102
3113,,Product-3102,,,,,,,,,,id:3102
3114,,Product-3102,,,,,,,,,,id:3102
3115,,Product-3102,,,,,,,,,,id:3102
3116,,Product-3102,,,,,,,,,,id:3102
3117,,Product-3102,,,,,,,,,,id:3102
3118,,Product-3102,,,,,,,,,,id:3102
3119,,Product-3102,,,,,,,,,,id:3102
3120,,Product-3102,,,,,,,,,,id:3102
3121,,Product-3102,,,,,,,,,,id:3102
3122,,Product-3102,,,,,,,,,,id:3102
3073,http://dev2.bulk-editor.com/wp-content/uploads/2018/03/hoodie-2.jpg,Product-3073,,,,,"""1""",,,,,0
3074,,Product-3073,,,,,,,,,,id:3073
3075,,Product-3073,,,,,,,,,,id:3073
3076,,Product-3073,,,,,,,,,,id:3073
3077,,Product-3073,,,,,,,,,,id:3073
3078,,Product-3073,,,,,,,,,,id:3073
3079,,Product-3073,,,,,,,,,,id:3073
3080,,Product-3073,,,,,,,,,,id:3073
3081,,Product-3073,,,,,,,,,,id:3073
3082,,Product-3073,,,,,,,,,,id:3073
3083,,Product-3073,,,,,,,,,,id:3073
3084,,Product-3073,,,,,,,,,,id:3073
3085,,Product-3073,,,,,,,,,,id:3073
3086,,Product-3073,,,,,,,,,,id:3073
3087,,Product-3073,,,,,,,,,,id:3073
3088,,Product-3073,,,,,,,,,,id:3073
3089,,Product-3073,,,,,,,,,,id:3073
3090,,Product-3073,,,,,,,,,,id:3073
3091,,Product-3073,,,,,,,,,,id:3073
3092,,Product-3073,,,,,,,,,,id:3073
3093,,Product-3073,,,,,,,,,,id:3073
3052,http://dev2.bulk-editor.com/wp-content/uploads/2018/03/vneck-tee-2.jpg,Product-3052,,,,,"""1""",,,,,0
3053,,Product-3052,,,,,,,,,,id:3052
3054,,Product-3052,,,,,,,,,,id:3052
3055,,Product-3052,,,,,,,,,,id:3052
3056,,Product-3052,,,,,,,,,,id:3052
3057,,Product-3052,,,,,,,,,,id:3052
3058,,Product-3052,,,,,,,,,,id:3052
3059,,Product-3052,,,,,,,,,,id:3052
3060,,Product-3052,,,,,,,,,,id:3052
3061,,Product-3052,,,,,,,,,,id:3052
3062,,Product-3052,,,,,,,,,,id:3052
3063,,Product-3052,,,,,,,,,,id:3052
3064,,Product-3052,,,,,,,,,,id:3052
3065,,Product-3052,,,,,,,,,,id:3052
3066,,Product-3052,,,,,,,,,,id:3052
3067,,Product-3052,,,,,,,,,,id:3052
3068,,Product-3052,,,,,,,,,,id:3052
3069,,Product-3052,,,,,,,,,,id:3052
3070,,Product-3052,,,,,,,,,,id:3052
3071,,Product-3052,,,,,,,,,,id:3052
3072,,Product-3052,,,,,,,,,,id:3052
